Redirect permanent /phd.pdf                                                       https://hal.inria.fr/tel-01103935/file/phd.pdf
Redirect permanent /dl/phd.pdf                                                    https://hal.inria.fr/tel-01103935/file/phd.pdf
Redirect permanent /articles/tutoriel_vim_spellfr.html                            http://www.jdhp.org/hevea/tutoriel_vim_spellfr/tutoriel_vim_spellfr.html
Redirect permanent /hevea/tutoriel_vim_spellfr.html                               http://www.jdhp.org/hevea/tutoriel_vim_spellfr/tutoriel_vim_spellfr.html
Redirect permanent /articles/droits_auteurs.html                                  http://www.jdhp.org/hevea/droits_auteurs/droits_auteurs.html
Redirect permanent /articles/les_wikis_en_entreprise.html                         http://www.jdhp.org/hevea/les_wikis_en_entreprise/les_wikis_en_entreprise.html
Redirect permanent /articles/article_0002/les_wikis_en_entreprise.html            http://www.jdhp.org/hevea/les_wikis_en_entreprise/les_wikis_en_entreprise.html
Redirect permanent /articles/documents/article_0002/les_wikis_en_entreprise.pdf   http://download.tuxfamily.org/jdhp/pdf/les_wikis_en_entreprise.pdf
Redirect permanent /articles/article_0004/droits_auteurs.pdf                      http://download.tuxfamily.org/jdhp/pdf/droits_auteurs.pdf
Redirect permanent /articles/documents/article_0004/droits_auteurs.pdf            http://download.tuxfamily.org/jdhp/pdf/droits_auteurs.pdf
Redirect permanent /tutoriels/documents/article_0005/tutoriel_vim_spellfr.pdf     http://download.tuxfamily.org/jdhp/pdf/tutoriel_vim_spellfr.pdf
Redirect permanent /hevea/tutoriel_rpi_qemu.html                                  http://www.jdhp.org/hevea/tutoriel_rpi_qemu/tutoriel_rpi_qemu.html
Redirect permanent /hevea/tutoriel_rpi_qemu/tutoriel_rpi_qemu.htm                 http://www.jdhp.org/hevea/tutoriel_rpi_qemu/tutoriel_rpi_qemu.html
